in:FO ,out:IOH,img
1,0.09807,FO1.png
2,0.091099,FO2.png
3,0.096368,FO3.png
4,0.092038,FO4.png
5,0.087298,FO5.png
6,0.08326,FO6.png
7,0.088204,FO7.png
8,0.085546,FO8.png
9,0.086292,FO9.png
10,0.086292,FO10.png
11,0.087364,FO11.png
