in:FO ,out:IOH,img
1,0.092187,FO1.png
2,0.086442,FO2.png
3,0.094551,FO3.png
4,0.087198,FO4.png
5,0.09798,FO5.png
6,0.088557,FO6.png
7,0.099709,FO7.png
8,0.089949,FO8.png
9,0.089601,FO9.png
10,0.090457,FO10.png
11,0.089695,FO11.png
