in:SA1,out:IOH,img
1,0.090115,SA11.png
2,0.088773,SA12.png
3,0.089518,SA13.png
4,0.088596,SA14.png
5,0.088231,SA15.png
6,0.087646,SA16.png
7,0.087254,SA17.png
8,0.086928,SA18.png
9,0.087557,SA19.png
10,0.086271,SA110.png
11,0.087049,SA111.png
12,0.086613,SA112.png
